title,author,cover_description,content,cover_image_url,page_description
Benefits of Digital Note-Taking,Timon Harz,https://api.together.ai/imgproxy/qpktSYmdE0s9Y0GqvzL-41fgoM0N5UHmgBhRID1sFKU/format:jpg/aHR0cHM6Ly90b2dldGhlci1haS1iZmwtaW1hZ2VzLXByb2QuczMudXMtd2VzdC0yLmFtYXpvbmF3cy5jb20vaW1hZ2VzLzEzNzZhMTdiZjJjM2Y5ZThhOTViODRmNjAyYzdjODJkMjI2NzgxYjExOWRkODAyMTFiYzExYjY0OTAwZWM0NWM_WC1BbXotQWxnb3JpdGhtPUFXUzQtSE1BQy1TSEEyNTYmWC1BbXotQ29udGVudC1TaGEyNTY9VU5TSUdORUQtUEFZTE9BRCZYLUFtei1DcmVkZW50aWFsPUFTSUFZV1pXNEhWQ0NaN09TNUdLJTJGMjAyNDExMTYlMkZ1cy13ZXN0LTIlMkZzMyUyRmF3czRfcmVxdWVzdCZYLUFtei1EYXRlPTIwMjQxMTE2VDExMDEzNlomWC1BbXotRXhwaXJlcz0zNjAwJlgtQW16LVNlY3VyaXR5LVRva2VuPUlRb0piM0pwWjJsdVgyVmpFSlAlMkYlMkYlMkYlMkYlMkYlMkYlMkYlMkYlMkYlMkZ3RWFDWFZ6TFhkbGMzUXRNaUpJTUVZQ0lRREJNUnUyR3lhb29GRzFFRzlvNk5wemFwNWl1N2VDMGJ2dUFyanE0cXQ1c2dJaEFKR080SG5RU3BLTUt6bDBZb0MlMkZxQVgySkJkcENOYnM4c25TMWw0WHd1eUFLcEFGQ0N3UUFCb01OVGs0TnpJMk1UWXpOemd3SWd5YXU3ZmVsMmxWQVZSMzVDY3E3UVNKMDRTa1QlMkJETXN2NjVtdmNqckMlMkJaRHZhZ3AxZG9aamhkJTJCVnR3YUpuWkVUempjNWZGOUlSemolMkI1WkpuN010UCUyQmhONUtBRHE5T1dkMEdvZXZ0aW5LeVk2R1JBb1pnWUdwY1Y3ZW1NZDNQUXhsYnlQYWFZU0NqNEVZclhueFRWMEglMkJTMVlmd2JmM0QlMkZ6cDAxM081Q1dWd08zbUU1aWpRbzFHV0JlZnlhYmRZT1AlMkZQQTYyUE9zUEdWbnJYVzdkeiUyQkF1YWJWeXRTTiUyQnVuVXlKVWJhaFRSUUpTaHh4UTNQME5HUDFWVVZIdEN2VDFsTmJEYUNiQkR6ZGNoN2hhM2w5ZkJrbVVMZyUyQlFyeW41bGY5T3djOWZvZ0NJU0RtR0taUGxZdzQ4NkF5eSUyQllrUEJjZTMlMkZDczBpQ0N3TUF2Y3NRMzNkaFFmYU5vN21FNEZ5VTA1ZVQxeXFsaWZQVXJrYzNqd1NHTXpTYUhTSSUyQjQ5cHpBcTVubjczTDhqUXRua1VEcjhpMFprNWhmd0NCWmU2Nk1LTDFUZGZvOENMZUF4aldFOFVXZU5VMCUyQjV1ZEJudDljbjNHdzlwTGtsdFIzaGhxSiUyQjV2UE9FMGdPcklTYW9UeHBuRVMzQXdPeWNQb2JvNGJEelFOWjlBYk5EJTJGamtXekhIR0ltYThjdDl6WUV2ZGFrNXNxNnFYcmdOS2FGMW5NJTJCWUxWa3RoTWNPZlh1RDg0REh6UWExSWk2b21PV3FnZHdOJTJCQ3VleWlJRlRVWnpJV25NeWdwcEN1SU5GN1JIQUxWbHBUMDUwaUNWRjl2ZG1vSGJueGxKdGtOVlpoeFpiJTJCdSUyQiUyQjclMkJRWEJqRngwRiUyQlE0WERudVZnbzROTkIzdndzUnklMkIxJTJCSnd5Sjk4ZVRxeTA3b0YzWmZkcHlPQWpmT1lNOU5EV3BpZndxUVh4RWJWU2olMkJQaTlLSUNUMmhoNWdyeFVzRHhiSXElMkZKbWJuZnpEd3glMkZwNkY1WWJSZ2tidXRNNkxZMk8ydDJmeXk4MkhpU00yU01jR3hNWUk4b1llWUw4d3YydUtqNXFUMDdDTjhnRkxWTlBLbUc2aWF3SnUzWGRlY1JBR0Y0OG1RSnhab1BZd2tQZmh1UVk2bWdFWkk4YTVySlVIJTJGRE5BR0pSbSUyQjFEVzYyYlNzWWRxJTJCZ2NCR2I5OFJRZVBYRlVGT2M5ZEtvOWZBdXBUZ3BmMUYlMkZnc3k5MHpKWiUyRmQlMkY5WmIybGRNaE9XMnlFOFZKQ0JqeWJNYkhsMjdXb0d5MmEyZW1PdEI0S2hEY01pdnl4WExFWGhYRGpGa2p1Skh4eE9GeVpwN2hhcEhpa2swbk1XSnA3MmNZUXglMkJoVG16V2JwQ1UxMTJCVFZHeWJVWUZoYVdQMFRPV3FUcE9BRFdBanhiJlgtQW16LVNpZ25hdHVyZT0xOWQyNjhmMzAxNGRiNmYzZTUzM2ZlMzc0MWJjMWFkZTlhMDMyOTU0ZTFlMzFiOWUzOTU0ZTFiZDg2NmQzMmExJlgtQW16LVNpZ25lZEhlYWRlcnM9aG9zdCZ4LWlkPUdldE9iamVjdA,"{\rtf1\ansi\deff0 {\fonttbl {\f0 Courier;}} 
{\colortbl; \red0\green0\blue0; } 
{\*\generator Msftedit 5.41.21.2509;} 
\viewkind4\uc1 
\pard\cf0\lang1033\f0\fs20 \par 
\par 
{\b Benefits of Digital Note-Taking\par} 
\par 
{\pard\cf0\lang1033\f0\fs20\ul \par} 
Digital note-taking has revolutionized the way we learn, work, and organize our thoughts. Gone are the days of scribbling notes on paper, only to misplace them or struggle to decipher your handwriting. With digital note-taking, you can capture, store, and retrieve your notes with ease, making it an indispensable tool for anyone looking to boost their productivity. In this article, we'll explore the benefits of digital note-taking and why it's an essential skill for the modern era.\par 
\par 
{\pard\cf0\lang1033\f0\fs20 \par} 
{\i 1. Enhanced Organization\par} 
\par 
Digital note-taking allows you to organize your notes in a way that's both logical and accessible. You can create folders, tags, and categories to store your notes, making it easy to find what you need when you need it. This level of organization is particularly beneficial for students, researchers, and professionals who need to keep track of multiple projects and deadlines.\par 
\par 
{\pard\cf0\lang1033\f0\fs20 \par} 
{\i 2. Time-Saving\par} 
\par 
Digital note-taking saves you time in several ways. For one, you can quickly search for specific keywords or phrases within your notes, eliminating the need to sift through pages of paper or manually scroll through digital files. Additionally, many digital note-taking apps allow you to record audio or video, which can be especially useful for lectures, meetings, or interviews.\par 
\par 
{\pard\cf0\lang1033\f0\fs20 \par} 
{\i 3. Improved Accessibility\par} 
\par 
Digital note-taking is accessible from anywhere, at any time, as long as you have a device with internet connectivity. This means you can take notes on your laptop, tablet, or smartphone, and access them from any location. This level of accessibility is particularly beneficial for people with disabilities, remote workers, or those who need to collaborate with team members across different locations.\par 
\par 
{\pard\cf0\lang1033\f0\fs20 \par} 
{\i 4. Environmentally Friendly\par} 
\par 
Digital note-taking is an eco-friendly alternative to traditional paper-based note-taking. By switching to digital notes, you can reduce your carbon footprint and contribute to a more sustainable environment. Plus, many digital note-taking apps offer cloud storage, which means your notes are automatically backed up, eliminating the need for physical storage.\par 
\par 
{\pard\cf0\lang1033\f0\fs20 \par} 
{\i 5. Better Retention\par} 
\par 
Digital note-taking can improve retention and recall. When you take notes by hand, your brain has to work harder to process the information, which can lead to better retention. However, digital note-taking apps often offer features like summary notes, flashcards, and spaced repetition, which can help reinforce your learning and improve retention.\par 
\par 
{\pard\cf0\lang1033\f0\fs20 \par} 
{\i 6. Collaboration\par} 
\par 
Digital note-taking makes it easier to collaborate with others. Many apps allow real-time collaboration, which means multiple people can work on the same note-taking project simultaneously. This is particularly beneficial for team projects, group assignments, or collaborative research.\par 
\par 
{\pard\cf0\lang1033\f0\fs20 \par} 
{\i Conclusion\par} 
\par 
Digital note-taking offers numerous benefits that can improve your productivity, organization, and retention. By switching to digital notes, you can save time, reduce your environmental impact, and access your notes from anywhere. Whether you're a student, professional, or simply someone looking to boost their productivity, digital note-taking is an essential skill to master. So, why not give it a try and experience the benefits of digital note-taking for yourself?\par 
\par 
{\pard\cf0\lang1033\f0\fs20 \par} 
{\i References\par} 
\par 
For further reading on digital note-taking, check out the following resources:\par 
\par 
*{\i Evernote: The Ultimate Guide to Digital Note-Taking\par} 
*{\i OneNote: The Power of Digital Note-Taking\par} 
*{\i Simplenote: The Minimalist's Guide to Digital Note-Taking\par} 
\par 
{\pard\cf0\lang1033\f0\fs20 \par} 
{\i About the Author\par} 
\par 
[Your Name] is a digital productivity expert with a passion for helping people master the art of digital note-taking. With years of experience in the field, [Your Name] has developed a range of resources and guides to help you get the most out of digital note-taking. Follow [Your Name] on social media for the latest updates and tips on digital productivity.\par 
\par 
{\pard\cf0\lang1033\f0\fs20 \par} 
}",https://api.together.ai/imgproxy/qpktSYmdE0s9Y0GqvzL-41fgoM0N5UHmgBhRID1sFKU/format:jpg/aHR0cHM6Ly90b2dldGhlci1haS1iZmwtaW1hZ2VzLXByb2QuczMudXMtd2VzdC0yLmFtYXpvbmF3cy5jb20vaW1hZ2VzLzEzNzZhMTdiZjJjM2Y5ZThhOTViODRmNjAyYzdjODJkMjI2NzgxYjExOWRkODAyMTFiYzExYjY0OTAwZWM0NWM_WC1BbXotQWxnb3JpdGhtPUFXUzQtSE1BQy1TSEEyNTYmWC1BbXotQ29udGVudC1TaGEyNTY9VU5TSUdORUQtUEFZTE9BRCZYLUFtei1DcmVkZW50aWFsPUFTSUFZV1pXNEhWQ0NaN09TNUdLJTJGMjAyNDExMTYlMkZ1cy13ZXN0LTIlMkZzMyUyRmF3czRfcmVxdWVzdCZYLUFtei1EYXRlPTIwMjQxMTE2VDExMDEzNlomWC1BbXotRXhwaXJlcz0zNjAwJlgtQW16LVNlY3VyaXR5LVRva2VuPUlRb0piM0pwWjJsdVgyVmpFSlAlMkYlMkYlMkYlMkYlMkYlMkYlMkYlMkYlMkYlMkZ3RWFDWFZ6TFhkbGMzUXRNaUpJTUVZQ0lRREJNUnUyR3lhb29GRzFFRzlvNk5wemFwNWl1N2VDMGJ2dUFyanE0cXQ1c2dJaEFKR080SG5RU3BLTUt6bDBZb0MlMkZxQVgySkJkcENOYnM4c25TMWw0WHd1eUFLcEFGQ0N3UUFCb01OVGs0TnpJMk1UWXpOemd3SWd5YXU3ZmVsMmxWQVZSMzVDY3E3UVNKMDRTa1QlMkJETXN2NjVtdmNqckMlMkJaRHZhZ3AxZG9aamhkJTJCVnR3YUpuWkVUempjNWZGOUlSemolMkI1WkpuN010UCUyQmhONUtBRHE5T1dkMEdvZXZ0aW5LeVk2R1JBb1pnWUdwY1Y3ZW1NZDNQUXhsYnlQYWFZU0NqNEVZclhueFRWMEglMkJTMVlmd2JmM0QlMkZ6cDAxM081Q1dWd08zbUU1aWpRbzFHV0JlZnlhYmRZT1AlMkZQQTYyUE9zUEdWbnJYVzdkeiUyQkF1YWJWeXRTTiUyQnVuVXlKVWJhaFRSUUpTaHh4UTNQME5HUDFWVVZIdEN2VDFsTmJEYUNiQkR6ZGNoN2hhM2w5ZkJrbVVMZyUyQlFyeW41bGY5T3djOWZvZ0NJU0RtR0taUGxZdzQ4NkF5eSUyQllrUEJjZTMlMkZDczBpQ0N3TUF2Y3NRMzNkaFFmYU5vN21FNEZ5VTA1ZVQxeXFsaWZQVXJrYzNqd1NHTXpTYUhTSSUyQjQ5cHpBcTVubjczTDhqUXRua1VEcjhpMFprNWhmd0NCWmU2Nk1LTDFUZGZvOENMZUF4aldFOFVXZU5VMCUyQjV1ZEJudDljbjNHdzlwTGtsdFIzaGhxSiUyQjV2UE9FMGdPcklTYW9UeHBuRVMzQXdPeWNQb2JvNGJEelFOWjlBYk5EJTJGamtXekhIR0ltYThjdDl6WUV2ZGFrNXNxNnFYcmdOS2FGMW5NJTJCWUxWa3RoTWNPZlh1RDg0REh6UWExSWk2b21PV3FnZHdOJTJCQ3VleWlJRlRVWnpJV25NeWdwcEN1SU5GN1JIQUxWbHBUMDUwaUNWRjl2ZG1vSGJueGxKdGtOVlpoeFpiJTJCdSUyQiUyQjclMkJRWEJqRngwRiUyQlE0WERudVZnbzROTkIzdndzUnklMkIxJTJCSnd5Sjk4ZVRxeTA3b0YzWmZkcHlPQWpmT1lNOU5EV3BpZndxUVh4RWJWU2olMkJQaTlLSUNUMmhoNWdyeFVzRHhiSXElMkZKbWJuZnpEd3glMkZwNkY1WWJSZ2tidXRNNkxZMk8ydDJmeXk4MkhpU00yU01jR3hNWUk4b1llWUw4d3YydUtqNXFUMDdDTjhnRkxWTlBLbUc2aWF3SnUzWGRlY1JBR0Y0OG1RSnhab1BZd2tQZmh1UVk2bWdFWkk4YTVySlVIJTJGRE5BR0pSbSUyQjFEVzYyYlNzWWRxJTJCZ2NCR2I5OFJRZVBYRlVGT2M5ZEtvOWZBdXBUZ3BmMUYlMkZnc3k5MHpKWiUyRmQlMkY5WmIybGRNaE9XMnlFOFZKQ0JqeWJNYkhsMjdXb0d5MmEyZW1PdEI0S2hEY01pdnl4WExFWGhYRGpGa2p1Skh4eE9GeVpwN2hhcEhpa2swbk1XSnA3MmNZUXglMkJoVG16V2JwQ1UxMTJCVFZHeWJVWUZoYVdQMFRPV3FUcE9BRFdBanhiJlgtQW16LVNpZ25hdHVyZT0xOWQyNjhmMzAxNGRiNmYzZTUzM2ZlMzc0MWJjMWFkZTlhMDMyOTU0ZTFlMzFiOWUzOTU0ZTFiZDg2NmQzMmExJlgtQW16LVNpZ25lZEhlYWRlcnM9aG9zdCZ4LWlkPUdldE9iamVjdA,"Discover the numerous benefits of digital note-taking in our latest blog post! Explore how going digital enhances organization, boosts productivity, and promotes effective learning. Learn about the top tools and apps for seamless note management, and uncover tips to maximize your note-taking efficiency. Start transforming your notes today for a more streamlined and effective study experience!"
